Developer,Handle,Disabled
@009515,@009515:7,False
@00meat,@00meat:6,False
@08glockboy,@08glockboy:8,False
GoastGuns Official,@0dysseusRex:6,False
0pF0rArmory,@0pf0rarmory:8,False
@0x29a,@0x29a:f,False
@123f0urfive678nine10,@123f0urfive678nine10:d,False
144.1 Recoil Systems,@1441RecoilSystems:b,False
1776 Supply Co,@1776SupplyCo:0,False
@1handedbandit,@1handedbandit:9,False
@1Lowdiesel,@1Lowdiesel:9,False
1 Pew 2 Pew,@1pew2pew:f,False
1Plus2Equals3D,@1Plus2Equals3D:3,False
208ghostgunmilitia,@208ghostgunmilitia:0,False
250smacks,@250smacks:c,False
2A_CAD_LOVE,@2A_CAD_LOVE:b,False
2A Ender guy,@2A-Enderguy:6,False
@2A_mattyyyp,@2A_mattyyyp:b,False
"3d files for firearms, gun content ",@2A.P.A.L:7,False
2aPrintingCentral,@2aPrintingCentral:3,False
2TenBravo Technologies,@2JBTech:8,False
Modeling the Future ,@300blkFDE:b,False
310_ 2A ,@310_2A:d,False
FireBirdPrints,@314firebird:f,False
.33-3d,@.33-3d:3,False
Discovered inadequate channel: @3D2A#c,@3D2A:c,True
3D2Aprints,@3D2APrints:7,False
3DARMS - Where Freedom Can Be Created Through 3D Printing,@3D_Arms:0,False
3D Arms,@3D_Arms:9,False
@3DartRepost2A,@3DartRepost2A:b,False
3DBoberBuilds,@3DBoberBuilds:f,False
3D Freedom,@3DFreedom:e,False
3DG,@3DG:a,False
3D Gun Builder,@3Dgunbuilder:f,False
The 3D Print General,@3DPrint:1,False
@3Dprinted,@3Dprinted:7,False
@3d-printed-accesories,@3d-printed-accesories:e,False
generic channel name,@3D_Printer_Go_Brrr:c,False
Gh0st,@3DPrintFreedom:5,False
3D Print Freedom,@3dprintfreedom:6,False
3DPrintFreedom,@3DPrintFreedom:b,False
Heywood Yabuzzoff,@3dprintguns:7,False
PLASTIC STRAPS. 69 followers 😏🫡,@3DPyourEDC:7,False
3DSS Dev,@3dssdev:d,False
3D Models Free For The Taking,@3DWorld:1,True
404logicnotfound,@404logicnotfound:e,False
OldGreyBeast,@47.m450n.47:b,False
4lan9,@4lan9:c,False
4x0nn,@4x0nn:5,False
4x4trooper and FXFT Designs,@4x4trooper:8,False
amatuer gunsmith,@5032A:9,False
6lockBoiPrime,@6lockboi:d,False
"6ought6's fun house, laboratory, range, ammusement center",@6ought6:5,False
The 81Solutions Channel,@81Solutions:8,False
85610 ,@85610:1,False
F3DS,@8thZero:8,False
9x,@9x:a,False
a41capt,@a41capt:e,False
@A540,@A540:d,False
A7 Designs,@A7_Designs:8,False
aa13firearms,@aa13firearms:b,False
THE DONBOT,@ABEIER277:6,False
ab initio,@ab_initio:7,False
@abite,@abite:3,False
Able Locksmith,@Ablelocksmith:b,False
@abrenoch,@abrenoch:c,False
Applianceinator,@Abricapew:9,False
AccessToFreedom,@AccessToFreedom:6,False
@Acefoxx,@Acefoxx:6,False
AtomBomb347,@adamh.cook0347:c,False
@AemAer,@AemAer:d,False
Aero's haphazard prints,@Aerowolfprints:c,False
AEXO-2Acadworks,@AEXO-2Acadworks:8,False
@AFriendOfLife,@AFriendOfLife:f,False
@AFTagent,@AFTagent:2,False
AGAFE4,@AGAFE4:9,False
AG Cast,@AG_Cast:d,False
@Akachi,@Akachi:5,False
Helping people with obscure 3d models,@Akame_potatoes:0,False
LUCIDITY,@alanthier001:7,True
Albert9x19,@Albert9x19:2,False
@Alcart,@Alcart:6,False
@alecubudulecu,@alecubudulecu:0,False
@Alexander_Mackenzie_0058,@Alexander_Mackenzie_0058:6,True
Phoenix Designworks,@AlexPhoenix:e,False
In love with printable guns.,@alex.the.great:1,False
@alfonsohegao,@alfonsohegao:e,False
Alpha3Dp custom designs ,@Alpha3Dp:7,False
alpharius deuse,@alpharius.deuse:f,False
Altivolo Engineering,@AltivoloEngineering:6,False
AltPersonalitty,@Altpersonalitty:7,False
Altpersonalitty's untested projects,@Altpersonalitty-untested-projects:3,False
Amateur Gunny's Place,@AmateurGunny:1,False
Andylikeshonda,@Andy:05,False
Type R Firearms & Experimental Laboratories,@AnimeFFL_1317:6,False
@Anon,@Anon:ef,False
anonymous052185,@anonymous052185:e,False
@AnotherRemixDistro,@AnotherRemixDistro:9,False
Anthony.308,@Anthony.308:5,False
Anunnaki,@Anunnaki:31,False
@Anvil_Aero,@Anvil_Aero:f,False
@AP3XIA,@AP3XIA:2,False
PlastiKnaut,@AP:8,False
A Pew Good Men,@APewGoodMen:d,False
Apparition Arms,@ApparitionArms:1,False
Applejuice85,@Applejuice85:9,False
@AR180Parts,@AR180Parts:5,False
3D Printed Files for the Henry AR-7,@AR-7:5,False
archiferd94,@archiferd94:9,False
Defense Archive,@Archive:ba,False
ArevArms,@ArevArms:c,False
Are We Cool Yet?,@AreWeCoolYet:7,True
Armament Knowledge Repository,@ArmamentKnowledgeRepository:1,False
Armenian_hammer_slap,@Armenian_hammer_slap:c,False
steuben,@armoredsteuben:c,False
@ArmsInc.,@ArmsInc.:1,False
@ArmThyRightHand,@ArmThyRightHand:a,False
CSTS,@arr199:d,False
AdvancedResetTech.com,@ART:cc,False
TizmoConcepts,@artellio:4,False
Artemis Design,@ArtemisDesign:e,False
AS Designs,@ASDesigns:a,False
Ash Safeguard Repository,@Ashsafeguardrepository:d,False
@as.morgan,@as.morgan:2,True
Aspen,@Aspen:7,False
Asuka-TheLastResort,@AsukaTheLastResort:a,False
@ATA_prints,@ATA_prints:6,False
@ATF,@ATF:b,False
Athetos,@Athetos:8,False
Atomic Arms ,@Atomic_Arms:d,False
Atomic Powered Musket,@Atomic_Powered_Musket:2,False
Trinity test site for my BS,@AtomicsExperimentals:1,False
@Atticus_3D_Designs,@Atticus_3D_Designs:9,False
Aulkii,@Aulkii:8,False
AusGov Gun Facts,@AusGovGunFacts:e,False
@Authority,@Authority:6,False
Aveees,@Aveees:c,False
AverageAnarchist,@AverageAnarchist:f,False
AVerySmollFrog ,@averysmollfrog:f,False
AvieAtrix,@AvieAtrix:c,False
AWCY Arms,@awcy_arms:a,True
AWCY? Presents- the 3DP90 Karaoke Tuesday Compilation,@AWCY_Presents-_the_3DP90_Karaoke_Tuesday_Compilation:2,True
AxureDaGimp,@AxureDaGimp:a,False
All the Models,@azeraywing:4,False
A30B,@Azov_Battalion:f,False
Baby Face P,@babyfacep:d,False
the fully man,@babytoosmooth:7,False
Back Ally Print Market,@Back_Ally_Printers:c,False
Backyard Bunker's Bounty,@BackyardBunker:3,False
@BaconBBQBurger,@BaconBBQBurger:1,False
BaileyDigitalArmory ,@BaileyDigitalArmory:a,False
Yeah,@Bajoink:1,False
Ballistic Zero Research,@BallisticZero:7,False
@ballslappa,@ballslappa:6,False
BAM76,@BAM76:6,False
@Bamax,@Bamax:6,False
Spicy ammo,@BangUwu:c,False
Mostly CAD Experiments,@BansheeVT:8,False
Barely Functional Prints,@BarelyFunctional:c,False
@basicchemistry34,@basicchemistry34:6,False
@BasicCombat,@BasicCombat:6,False
@Basstronics,@Basstronics:5,False
Battle Cry Arms,@BattleCryArms:8,False
Batto Is Outto!,@Batto_Is_Outto!:a,False
Black Cat Aircraft & Manufacturing,@BCAM:4,False
@BeanIce,@BeanIce:1,False
Bear Bear Bears!,@BearBearBears:7,False
Bring 2 Arms,@Because2A:9,False
Beef Supreme Designs,@BeefSupremeDesigns:e,False
Bellatores,@BellatoresLX:b,False
Creations from the Belly of the Beast,@Belly_up_OG:c,False
Ben Chudd's Creations,@BenChuddBuilds:9,False
Beretta Bobcat 21a,@BerettaBobcat:3,False
Beter_Biffin,@Beter_Biffin:a,False
@BI0NIC_APE,@BI0NIC_APE:3,False
@Bigblockdoug,@Bigblockdoug:e,False
@Bigbore729,@Bigbore729:b,False
@BIGBUTTERSCHOTCH3855,@BIGBUTTERSCHOTCH3855:3,False
SALTYBUTTERSCOTCH556,@BigButterscotch3855:f,False
bigfoot_goes_boom,@bigfoot_goes_boom:c,False
biggest,@biggest:f,False
Biggz,@biggz:0,False
Big Joe Werndl,@BigJoeWerndl:9,False
Big_Toast,@Big_Toast:a,False
@Bikelower,@Bikelower:1,False
WmHerrin,@billherrin:b,False
birtchmanj/KC9 bolt,@birtchmanj:8,False
Bismarck The Cat,@BismarckTheCat:e,False
@blackbird,@blackbird:7,False
BlackCat Firearms R&D,@blackcatfirearms:7,False
Black Lotus Coalition,@blacklotuscoalition:3,False
BlackRibbon RnD Department,@BlackRibbon-RnD-Department:c,False
Blinsky's Toys,@blinksystoys:b,False
Blizzard Arms,@BlizzardArms:0,False
b-lud,@BLUDZ:d,False
BlueHairPronouns 3dp stuff,@BlueHairPronouns:a,False
@BluePandaPrints,@BluePandaPrints:f,False
Blue Printz Tactical,@BluePrintzTactical:1,False
BlueSpiderGod,@BlueSpiderGod:f,False
bog stuff,@bogstuff:8,False
Channel for the old stuff.,@BONKPEWPEWS:8,False
Death Takes No Bribes,@boogieman:2,False
Boolah Bang,@BoolahBang:5,False
Booligan Custom Gunworks,@BooliganCustomGunworks:f,False
Booligan Shooting Sports,@BooliganShootingSportsBackup:7,False
Just here to browse ,@boooooooyoustink:7,False
boo-pew,@boo-pew:6,False
Booze and Bullets,@BoozeandBullets:c,False
BowTiedAnkylo,@BowTiedAnkylo:0,False
@Br0letariat,@Br0letariat:3,False
Braenwurks,@Braen:3,False
brasskicker,@brasskicker:2,False
@BrewNinja,@BrewNinja:4,False
Brew Pew Pew,@BrewPewPew:5,False
LAND OF THE PRINTED,@BrokenBullets:9,False
Broomstik,@broomstik:b,False
Brotherhood Armory,@BrotherhoodArmory:c,False
@browner_77,@browner_77:8,False
Brown's Brush,@BrownsBrush:a,False
BrzydkiBurak,@brzydkiburak:3,False
@Buckolieo#c,@Buckolieo:c,True
Bug 23,@Bug23:7,False
Build And Blast 3D solutions,@BuildAndBlast:4,False
BurntDog's Dog House,@BurntDog:9,False
Discovered inadequate channel: @bushworked711:f,@bushworked711:f,True
@Buttercupgatz,@Buttercupgatz:2,False
The Squirt Emporium,@ButtstufferMan:6,False
@c0ld_d8rk_h8nd,@c0ld_d8rk_h8nd:8,False
@CA3D2A,@CA3D2A:9,False
CableGuy's stuff,@CableGuy:1,False
@CadBySam,@CadBySam:4,False
Cad Woes,@CadWoes:1,False
8762e13 (Cal),@Caliber:6,False
@Cam3roni,@Cam3roni:a,False
Canned Dirt's FOSSCAD,@canned.dirt:6,False
CannieCAD,@CannieCAD:2,False
Cantonia Customs,@CantoniaCustoms:5,False
CantStopWontStop,@CantStopWontStop:c,False
Cap'n Cuck,@CapnCuck:d,False
CappinDeez,@CappinDeez:5,False
CaracalZoey,@CaracalZoey:b,False
CariocaWorks,@CariocaWorks:7,False
@CarlEifler,@CarlEifler:e,False
Gfy Inc.,@catalyst057:8,False
@catboii69,@catboii69:f,False
Cathode's Digital Den,@Cathode_G:5,False
Cat-With-Gats,@cat-with-gats:a,False
@cautiontape,@cautiontape:a,False
Center X Productions,@CenterX:6,False
Things I've edited,@Centrisian:8,False
Sacred Geometry,@Cetme_Free23:6,False
ChadwickTheCrab,@chadwickthecrab:4,False
Chairmanwon,@chairmanwon:a,False
Chanddler,@Chanddler:c,False
downward spiral of humanity,@CheapAsFawkArmory:6,False
Ched.Wards Prints,@Ched.Wards:7,False
@ChetMystery,@ChetMystery:c,False
chipe's uploads,@chipe:f,False
God of Butts,@choscura:d,False
Spurts of Distilled Autismo Energy = Cool Stuff,@ChrisLeeYe:3,False
International Spacechannel - Mission Space,@Christian-Burandt-Playlist-Channel:2,True
chuckycheesetouchedme,@chuckycheesetouchedme:a,False
@Chud_Benis,@Chud_Benis:2,False
birds,@CHUNGEE-PRINTADORA-EXTRAVAGANZAAAAAAAAA:7,False
CipherPrints2A,@CipherPrints2A:5,False
Civilized Defense - Civilians Defended,@CivilizedDefense:9,False
Civilized Defense - Alpha Files,@CivilizedDefense_Alpha_Files:0,False
LADindustries,@clankers101:d,False
clean_garbage,@clean_garbage:b,False
@clearview4851,@clearview4851:e,False
@Cloud-Forge,@Cloud-Forge:d,False
CMMG CAD DUMP,@CMMG-CAD-DUMP:f,False
CMR Stuff,@CMR30Modder:1,False
@coinstar,@coinstar:6,False
Colection 26M de HDP,@Colectivo_26M:8,False
CombatTech,@CombatTech:7,False
@ConceptualConcepts,@ConceptualConcepts:f,False
ConmansdevChannel,@Conmanfor1776:0,False
CopperShop,@CopperShop:6,False
Corgi On The Rocks Channel,@CorgiOnTheRocks:d,False
Corvus Design,@CorvusDesign:3,False
@cptpackrat45,@cptpackrat45:7,False
Craig Carpenter II,@CraigCarpenterII:6,False
@Craig_S,@Craig_S:6,False
Beecher's Forge,@Crank:5,False
CrankFastle,@CrankFastle:8,False
Crawdad,@Crawdaddy308:b,False
crazyoldphuk,@crazyoldphuk:4,False
CreamyOfPantSoup,@CreamOfPantSoup:0,False
@Creative-Extension11,@Creative-Extension11:1,False
@CreepinDeep,@CreepinDeep:4,False
@CrixCoTM,@CrixCoTM:9,False
Kalashnikov Prints,@Crow-Wolf:3,False
Cryptography & Anarchy,@cryptoanarchy:2,False
The Crypto Scriptorium,@CryptoScriptorium:c,False
Chaos Commando,@C.T.C.A:4,True
cursd,@cursd_pew:6,False
I make random custom parts. Let me know if you have a cool idea.,@Custom_Parts_Guy:b,False
Central VA Buck - Speaking Just For Me,@CVABuck:3,False
The Cybernaut Sentinel,@CybernautSentinel:0,False
Fizzlez Firearms,@DaFizzlez:9,False
@DaikonDefense,@DaikonDefense:b,False
Jesus Saves Junkies too ,@Da_Junkie_strit:3,False
Damascus_2a,@Damascus_2a:6,False
DAMD Industries,@DAMDIndustries:1,False
Daniktheboss,@Daniktheboss:b,False
@DannyMeatball,@DannyMeatball:b,False
No Step Snek,@darksim_009:f,False
dark times,@DARKTIMES:1,False
DarthSillius,@DarthSillius:3,False
Things by datafx,@datafx:7,False
@DataLove,@DataLove:6,False
DatTonny,@DatTonny:9,False
DAV Corp.,@DAVCorp.:7,False
Dawnbreak3r,@Dawnbreak3r:9,False
@DayDreamDefense,@DayDreamDefense:4,False
DB762,@DB762:c,False
@db-firearms,@db-firearms:4,False
DC Creations ,@DCCreations:4,False
@DeAR22-Remixes,@DeAR22-Remixes:2,False
Decay Labs,@decaylabs:2,False
Decimal Dot,@Decimal_Dot:d,False
@Deep-Magician-420,@Deep-Magician-420:d,False
DeepUpset,@DeepUpset:0,False
@Deerhurst,@Deerhurst:2,False
Not a Fed,@DefNotFBI:3,False
No Confidence ,@Deformed_baby:3,False
herpy derpy derp,@derpyderp696969:9,False
Design Prototype Test,@Design-Prototype-Test:9,False
Gun goon shit,@DespicableTrashPanda:1,False
Deterrence Dispensed Accesories,@Det_disp_Accesories:3,False
@det_disp_media,@det_disp_media:9,False
Deterrence Dispensed -> Go to TheGatalog.com,@Deterrence-Dispensed:2,False
The Archive,@Deterrence-Dispensed-Archive:8,False
@Deterrence-Dispensed-Media,@Deterrence-Dispensed-Media:6,False
Devin White,@devinwhite104:7,False
Devious Devices!,@Devious_Devices:c,False
0101XTMD,@DevMTX1010:8,False
Charlie Brown,@Diamorphine:b,False
Dianexis ,@Dianexis:f,False
Digital Nimbus Labs Odysee Channel,@DigitalNimbusLabs:b,False
@DikzOut4Harambe,@DikzOut4Harambe:0,False
DINGO,@DINGO:1,False
@dingodaze9072,@dingodaze9072:c,False
Dinka Roubles,@Dinka_Roubles:3,False
DirtEater,@DirtEater:3,False
Triple D,@DiscoDunceDefense:8,False
@DissidentArmsCo,@DissidentArmsCo:a,False
D L,@djal:2,False
@DL44ShotFirst,@DL44ShotFirst:b,False
ItsClassic32,@dnkroz32:0,False
dogelog,@dogelog:0,False
@dogenado,@dogenado:9,False
@dominus,@dominus:1,False
@dootdefense,@dootdefense:6,False
DopeSmokez420's Channel,@DopeSmokez420:d,False
DoubleClutch Designs,@doubleclutch229:6,False
2Aprinting stuff,@DoubleCup:8,False
@DovahDeinmaar,@DovahDeinmaar:5,False
Things and stuff,@downpar:b,False
@doyouliveinacave,@doyouliveinacave:7,False
@dragonne,@dragonne:6,False
dracco.w.a.switch,@Drakethangggg:b,False
@Dr%C3%BAcker-%C3%BAnd-panzer,@Dr%C3%BAcker-%C3%BAnd-panzer:b,False
@DrCox,@DrCox:e,False
Dread Pirate Roberts,@DreadPirateRoberts:5,False
Dregard,@drew.gardner21:3,False
@Dr.Greenthumb,@Dr.Greenthumb:c,False
@DrSkeletonsCelebrityToilet,@DrSkeletonsCelebrityToilet:1,False
Drunks Space,@DrunkRebel:5,False
Dryfiredude,@Dryfiredude:4,False
@DSMERDZ,@DSMERDZ:0,False
dubzero9,@dubzero9:e,False
@DurbanPoisonPew,@DurbanPoisonPew:9,False
durendalresearch,@durendalresearch:d,False
Durn3viir,@Durn3viir:f,False
@Dwin,@Dwin:6,False
EAGLE EYE EXTRUSIONS,@EagleEyeDesigns:3,False
flaccidfish,@earlymorninglizard:e,False
earpcustoms,@earpcustoms:4,False
easysixllc,@easysixllc:a,False
Ebenezer Mudgett,@EbenezerMudgett:9,False
echoalpha,@echoalpha:8,False
Edgan's remixes,@Edgan_remixes:d,False
@edgarnara,@edgarnara:5,False
@EGM1775,@EGM1775:b,False
El Dorado Armory,@ElDoradoArmory:b,False
@ElPastafarian,@ElPastafarian:1,False
Wild Arms Research and Development,@elwildo14:1,False
EnergyLegs's channel,@EnergyLegs:4,False
Just random stuff that falls out of my brain when i'm bored.,@EnjoyingThePTSD:3,False
Enoch Root,@EnochRoot556:4,False
EHZ,@Erratic:7,False
ErrngeElise,@errngeelise:c,False
ESCVZ Gun Works,@EsCo_ViperZ:2,False
EQUIPING THE POPULATION ,@ETP666:0,False
Evan Jones,@Evan_Jones:b,False
@ewalks-prints,@ewalks-prints:0,False
Exoshift,@Exoshift:4,False
Expedient Loser,@ExpedientLoser:e,False
Jordan Miller,@Extruder3D:6,False
WTF Am I Looking At,@EYEAMFRESH:3,False
Eye Roll,@EyeRoll:9,False
EyeZeeEye 3D printing content,@EyeZeeEye:9,False
@eZaF,@eZaF:0,False
@ezrollin,@ezrollin:6,False
@FaithlessnessNo4226,@FaithlessnessNo4226:a,False
Family Joules,@Family_Joules:6,False
FastLanePrintz,@FastLanePrintz:1,False
FatherGlockarov,@FatherGlockarov:6,False
@FckItILLPrintItMySelf,@FckItILLPrintItMySelf:d,False
@fcmetats,@fcmetats:2,False
@FecalDisco,@FecalDisco:e,False
3dPrinterNoob,@Feds223:7,False
feloniesAShobbies,@felonies.AS.hobbies:b,False
@fentanyl,@fentanyl:d,False
feral_chromium,@FeralChromium:d,False
Fire Free,@FeuerFrei:4,False
Laffs Dynamics,@FFFTech:3,False
@FGCKits,@FGCKits:2,False
Field Expedient,@FieldExpedient:6,False
FIETHS,@FIETHS:6,False
FiggerNaggot,@figgernaggot:c,False
@FirearmFileRemixes,@FirearmFileRemixes:8,False
Firearm Reference Models,@FirearmReferenceModels:6,False
@Firmfold,@Firmfold:5,False
@FishDefender,@FishDefender:6,False
@Fist-Actual,@Fist-Actual:1,False
TheFithColumn,@FITHPOST:d,False
FlattGat,@FlattGat:c,False
@Fl-Eggs,@Fl-Eggs:8,False
Florida Man Prints ,@FloridaManPrints:5,False
FmP Designs,@FloridaManPrints:c,False
Floridian_gatz,@Floridian_Gatz:3,False
FluffyPlays22,@FluffyPlays22:3,False
FM15Bullpup,@fm15bullpup:8,False
@FMDAJAMES212,@FMDAJAMES212:f,False
@FMGC.project,@FMGC.project:a,False
Foaps Files,@FoapsFiles:2,False
foobadoo,@foobadoo:f,False
@ForBel,@ForBel:f,False
@Forbidden_Code,@Forbidden_Code:3,False
A gallery of all my Chassis designs,@FORG3DBY:a,False
@ForkAerospaceTESTING,@ForkAerospaceTESTING:4,False
FosscadBOM,@FosscadBOM:5,False
Signal's Stuff,@FosscadBurner69:2,False
Foss Dad's Fosscad,@FossDad:e,False
@FossWerks,@FossWerks:5,False
Foxbat Machining,@FoxbatMachining:6,False
FP-32,@FP-32:0,False
FR0Z3N L1QU1DZ,@FR0Z3NL1QU1DZ:9,False
@frankenmint,@frankenmint:e,False
@franklin,@franklin:d4,False
@FREEBOY,@FREEBOY:5,False
@Freedom707,@Freedom707:a,False
FreedomWare,@FreedomeWare:3,False
freedomfighter95,@freedomfighter95:5,False
Freedom_One,@Freedom_one:1,False
Freedom_One,@Freedom_One:b,False
Freeman1337 - GunCAD Releases,@freeman1337-GunCAD-Mirror:b,False
@freemanamiru,@freemanamiru:b,False
Live Free or die.,@freeordiebr:a,True
Frigonomics_factory,@Frigonomics_factory:9,False
FRTMONSTER,@FRTMONSTER6969:c,False
FuckTheATF,@FTATF:0,False
Fudd Busters,@FuddBusters:f,False
@FullAutoFemBoy,@FullAutoFemBoy:7,False
Gun Stuff,@FunkyCharles:c,False
@Funky_Fetus_Fabrications,@Funky_Fetus_Fabrications:0,False
further testing needed,@furthertestingneeded:d,False
@G0hkos,@G0hkos:8,False
gartech,@gartech:a,False
Garth285,@Garth285:8,False
Gatcat designs,@Gatcat:b,False
Graham Baates,@GBGuns:3,False
GBS,@GBS:0,False
GCBrisk,@GCBrisk:9,False
GET SOME ! ,@Gcode_JD:f,False
General Custer,@GeneralCuster:8,False
@generallyaccuraterodentyeeter,@generallyaccuraterodentyeeter:7,False
Maximus-Elite ,@Genuwine1976:4,False
Guns from the grave ,@gftg_files:6,False
GhostG3D,@GG3D:2,False
ПРИЗРАК30SIX,@GHOST30SIX:4,False
GhostCatMunitions,@GhostCatMunitions:0,False
@GhostCowboy,@GhostCowboy:5,False
Ghostnote Technologies,@ghostnotetech:a,False
a collection of thangs that go pew,@ghost.pew:6,False
GhostPrints80’s,@Ghost_Prints80s:4,False
@Ghosty_Da_Prntd_Gat,@Ghosty_Da_Prntd_Gat:8,False
@GHXSTGUNNER,@GHXSTGUNNER:5,False
Here's stuff and things ,@gingerdumplingsuploads:d,False
goocher,@gjills:1,False
@GlassyCannon,@GlassyCannon:1,False
@GlenTheTimeless,@GlenTheTimeless:d,False
@glitch482000,@glitch482000:6,False
GlowieFren's Awesome Page,@GlowieFren:b,True
@glowinowen,@glowinowen:9,False
GoldenArms3d,@goldenarms3d:1,False
Golden Engineer,@Golden_Engineer:6,False
GonzoStrange,@GonzoStrange:8,False
@Good2A,@Good2A:1,False
@GoonGunDesigns,@GoonGunDesigns:c,False
gopr,@gopr:e,False
Grass-sama Design Repository,@Grass-sama:f,False
sparquah,@gravywilde:e,False
@GreenLeafSkippyGuy,@GreenLeafSkippyGuy:2,False
@GreenWhiskey,@GreenWhiskey:e,False
GreerTech Tactical,@GreerTech:6,False
Grimace.prints,@Grimace:b,False
@grouchydesigner,@grouchydesigner:2,False
Grouchydesigner,@Grouchydesigner:a,False
BubbaKupa,@gsc2652453913:1,False
GSI-Tac,@GSI-Tac:8,False
Ghost_of_the_Guerrilla,@GuerillaGhost:a,False
guggug.thepoop,@guggug.thepoop:3,False
@GUMM13,@GUMM13:9,False
3D Gun Cad files,@GunCad:3,False
GCI,@Gun_Cad_Ideas:e,False
Gun Jeevus,@GunJeevus:7,False
Guns.4.U Files,@Guns4U_Files:2,False
@GunshineFunTime,@GunshineFunTime:5,False
@gunsister,@gunsister:1,False
Gunsmith Eric,@GunsmithEric:c,False
Guns n' Cigars,@Guns_n'_Cigars:c,False
Captain Murika's Gun Info Page,@GunThingsFolders:9,False
Improvised Arms for All!,@GuS:ff0,False
guttercheese,@guttercheese:d,False
@GuyOnTheInternet,@GuyOnTheInternet:5,False
@GuyWithAK50JK,@GuyWithAK50JK:b,False
GW Guncad,@gw_guncad:9,False
h0us3m0us3,@h0us3m0us3:7,False
@h8grenade,@h8grenade:0,False
hackawayjr,@hackawayjr:7,False
Halo BR Content,@Halo-BR-Guy:b,False
Hansolo6568,@Hansolo6568:2,False
American Instrument,@HauntedLiberty:9,False
HawaiianShirtGuy,@HawaiianShirtGuy:6,False
Pook's Stuff and Things,@hcpookie:0,False
HeavyRainBuilds,@HeavyRainBuilds:5,False
@helliomorne,@helliomorne:c,False
Cool shit and things,@Hellpyhelper:7,False
Helpful_Indication6,@Helpful_Indication6:7,False
Here2printeverything,@Here2printeverything:0,False
HeWhoEatsChildren,@HeWhoEatsChildren:6,False
HeyPloopy,@HeyPloopy:b,False
@Heythere79,@Heythere79:b,False
Video Posting Echo,@HeywoodYaBuzzoff:c,False
HF Designs,@HFDesigns:5,False
@highvelocityfish,@highvelocityfish:f,False
HipsterDaddyO,@HipsterDaddyO:b,False
Awesome 22lr Fun,@HK_Collector:7,False
Hoffman Tactical,@hoffmantactical:3,False
@Hoodlum,@Hoodlum:2,False
Hot Girl Guns,@HotGirlGuns:5,False
Hotrod84,@Hotrod84:8,False
@hotsauce,@hotsauce:6a,False
HottShott,@HottShott:d,False
hp62a,@hp62a:c,False
https,https://odysee.com/@Kommissar:c,False
https,https://odysee.com/@LedMagn3t:7,False
https,https://odysee.com/@RenegadeSC:e,False
https,https://odysee.com/@Snake_Bones:f,False
hughseless,@hughseless:c,False
HulkHoganHH,@HulkHoganHH:f,False
@Hunter973,@Hunter973:9,False
hunteroftheyellowdog,@hunteroftheyellowdog:4,False
Husqofaman,@Husqofaman:0,False
HWW,@HWW:c7,False
Hyperion Arms Accessories,@Hyperion2A:9,False
I3D2A/965,@i3d2a-965:a,False
iamdognow,@iamdognow:f,False
PLASTICARTSCRAFTS&EXTENDEDMAGS,@IAMJUSTADROID4987:1,False
@IAmTheAngryGinger,@IAmTheAngryGinger:5,False
Iamtheskippy88,@Iamtheskippy88:e,False
@iApple1,@iApple1:9,False
Ibuprofen_Enjoyer,@Ibuprofen_Enjoyer:5,False
Ice Scream Man,@IceScreamMan:0,False
@Idahoghost,@Idahoghost:4,False
IDONTEXIST,@IDONTEXIST:8,False
IDunnoBro,@IDunnoBro:8,False
@i_eat_22lr,@i_eat_22lr:5,False
IHitCircles,@IHitCircles:6,False
@iMAKEiBREAK,@iMAKEiBREAK:5,False
Ima Sock,@Ima.Sock:1,False
I & M Industries,@I_M_Industries:c,False
Imlegless,@Imlegless:d,False
ImposterArms,@ImposterArms:7,False
@ImYourFuckleberry,@ImYourFuckleberry:e,False
@Incarbonite,@Incarbonite:a,False
ineedorgans,@ineedorgans:e,False
Infinity Arms,@InfinityArms:5,False
In Minecraft,@INMC:d,False
raided again,@International_man_of_mistery:3,False
internetpizza's gun shit warehouse,@internetpizza:a,False
Invader Zip - Home Of The ARK,@InvaderZip_:f,False
Invzi,@Invzi:9,False
iprintshit ,@iprintshit:7,False
Chev,@IRISHCROW:e,False
Maverick3D,@IronTurbo:9,False
@ishouldfeelbad,@ishouldfeelbad:6,False
Isogrid,@isogrid:3,False
Isolave,@Isolave:7,False
@I.SQUIRTED.IT,@I.SQUIRTED.IT:0,False
"Sharing designs, art and ideas.",@IsshoKaizen:c,False
@ItsChap,@ItsChap:b,False
ItsWabbitSzn,@ItsWabbitSzn:0,False
IvanPrintsGuns,@IvanPrintsGuns:1,False
Ivan's CAD Streams,@Ivan's_CAD_Streams:c,False
freemen,@izzi:6,False
@j0nny852,@j0nny852:2,False
Jack Brush,@JackBrush:4,False
Jackmnb,@Jackmnb:7,False
@jacktheshaft,@jacktheshaft:0,False
Jade Dragon Industries,@JadeDragonIndustries:f,False
skunkwerks,@James:dc,False
James Huffman ,@JamesHuffman:8,False
jannycad,@jannycad:9,False
@JarFish,@JarFish:6,False
Jefferz,@Jefferz:4,False
Jeffrey Mcpew,@JeffreyMcpewerson:b,False
Jericho Developments,@jerichodevelopments:0,False
@jerry,@jerry:ca6,False
@JerryCurld,@JerryCurld:d,False
RegolamentiArmati,@JerryLo:1,False
jman117,@jgold117:b,False
@jhillard32,@jhillard32:f,False
Jim AFCarbon,@Jimafcarbon4433:7,False
Jim Bob 3D,@JimBob:5,False
@jmanjones,@jmanjones:8,False
@jmk86,@jmk86:4,False
jny the human,@jnyboy:a,False
MadMax7774,@john.hess:7,False
JOHNNY B GOOD - FOSSCAD VAPORWARE LEAKS,@JOHNNYBGOOD:f,True
johnny dangerously's channel,@johnnydangerously:a,False
JoJoMasterson,@JoJoMasterson:6,False
Ban this fed boy ,@Jorgie:a,False
Josh Kerman,@JoshKerman:7,False
JPHONKY,@JPHONKY:2,False
JRoux1793,@JRoux1793:4,False
@JTstalker,@JTstalker:5,False
jungletek,@jungletek:3,False
Just me being a guy,@justaguy:72,False
@JustAShibaInu,@JustAShibaInu:2,False
Ju5t3nc4s3,@Just-in-Case:2,False
"Usually just lookin, occasional contribution",@Justlookinatshit:7,False
JM3Dworx,@jwworx:a,False
@K1RBY,@K1RBY:2,False
Fuse,@K2:2,False
K3Design,@K3D:1,False
Ka'apa the Restless,@kaapa_the_restless:f,False
Kabor Devices,@KaborDevices:0,False
Kabuto Filearms,@Kabuto:d,False
@kaewon,@kaewon:9,False
@Kagney,@Kagney:1,False
glock switch,@KamiKaze:b,True
Kekistani Armorer,@kekistani_armorer:2,False
@ken_666,@ken_666:b,False
@Keroger,@Keroger:0,False
ketcham1009's guncad,@ketcham1009:1,False
@KevCAD,@KevCAD:4,False
Kickster,@Kickster:5,False
@killo,@killo:3,False
Klaviermeister,@Klaviermeister:a,False
40mm files,@Klutzy_Warning:d,False
KM3D - KM3 Solutions Printable Pews,@KM3D:e,False
KNACK Tactical,@KNACKTactical:6,False
@Knapperx,@Knapperx:2,False
KnobGoblin,@knobgoblin23:0,False
@Kommissar,@Kommissar:c,False
Kopsis Engineering,@KopsisEngineering:a,False
@Kristall_Wang,@Kristall_Wang:9,False
@KrrawnsCustoms,@KrrawnsCustoms:6,False
Kruscle,@Kruscle:4,False
Kintepro,@KTP:2,False
Kukitan (Kapusta),@kukitan:b,False
@kuroe,@kuroe:2,False
@kwotattoo,@kwotattoo:1,False
Kyle Prints Pews,@kyleprintspews:6,False
@Kyopi,@Kyopi:2,False
L3THAL PREDATOR,@L3_PREDATOR:0,False
LakeAttica,@LakeAttica:8,False
@lakeleo,@lakeleo:2,False
LAOTR,@LAOTR:6,False
Latent Partian,@Latent-Partisan:7,False
LauncherPope,@LauncherPope:f,False
LazyHazy808,@Lazyhazy808:b,False
LBRY,@lbry:3f,True
Lead3D,@Lead3D:8,False
"Can't you learn to spell, you retard?!!",@LearningHowtoSpell:8,False
@leavemealoneglowboi,@leavemealoneglowboi:4,False
LedMagn3t,@LedMagn3t:7,False
Leon,@LeontheBerger:8,False
@Let_me_print,@Let_me_print:6,False
Comrade Jenkins,@LeverGunJenkins:6,False
Laffs Dynamics: Ammunition & Reloading,@LFA:3,False
Laffs Dynamics: Magazines,@LFM:f,False
LF prints,@LF-Prints:6,False
Laffs Dynamics: Receivers & Frames,@LFRF:d,False
Jeff Rodriguez,@Liberator12k:f,False
 2015 Fosscad,@LiberatorV1.1:e,False
Libertate Quietem,@Libertate_Quietem:5,False
The Liberty Lover,@LibertyLover:7,False
Lord of the Pies,@LibertyMinded:3,False
@likestoshootstuff,@likestoshootstuff:6,False
@lilbroomstick,@lilbroomstick:b,False
@LilDaddy,@LilDaddy:9,False
@linux2046,@linux2046:f,False
little brother is watching you too,@littlebroiswatchingu2:4,False
live laugh love dat ass,@LiveLaughLoveDatAss:c,False
LizzieHasAGat,@LizzyHasAGat:5,False
llama_llama_goose,@llama_llama_goose:e,False
LoaderTools,@LoaderTools:5,False
@LobsterBush,@LobsterBush:a,False
logisticscommstech,@logisticscommstech:3,False
@Lonely_Drifter,@Lonely_Drifter:f,False
LovelyTheLynx,@lovelythelynx:e,False
LoveThySpatula,@LoveThySpatula:6,False
@LowDownChemistry,@LowDownChemistry:f,False
LR-300,@LR-300:0,False
@LuhScoots727,@LuhScoots727:5,False
Luke Warm Designs,@LukeWarm:e,False
LUPYNYNY,@LUPYNYNY:b,False
m0dmyp3w,@m0dmyp3w:2,False
m1industriesllc,@m1industries:f,False
Marsbluff_creations,@M1ke843:f,False
@M4ND0R04CH,@M4ND0R04CH:9,False
M70AB1,@M70AB1:b,False
m70b1jr | Titus Arms,@m70b1jr:8,False
マクネー 武器,@MacnayArms:f,False
macy,@macy:a1,False
MagzOzone,@Magz:f,False
@MaineMike,@MaineMike:5,False
MainPollution,@MainPollution3678:4,False
Makarov's DNS,@makarov:6,False
makarovshooter9x18,@makarovshooter9x18:1,False
@Makenzie71,@Makenzie71:6,False
FJB,@Makingguns:7,False
   ,@Malic:e,False
@MammothWish3032,@MammothWish3032:9,False
@MandSLLC,@MandSLLC:4,False
Welcome to my video library (backup),@Manual_reader_.exe:e,False
@Mario88,@Mario88:2,False
My Landing Zone ,@Mark.Coppola:9,False
Marksman_Dilbert,@Marksman_Dilbert:4,False
Demontools,@matteus963:b,False
Stuff I Done Did,@Maverick0197:1,False
@maximus,@maximus:e0,False
@MaxRet,@MaxRet:1,False
Hill defense ,@mbggledy:f,False
McDerp Customs,@McDerpCustoms:3,False
McFink,@McFink:9,False
Mclennan Arms,@mclennansrevenge:8,False
MDD CUSTOM PRINTS,@MDDCUSTOM:5,False
@ME2PEW,@ME2PEW:1,False
meatbanana42069,@meatbanana42069:5,False
@meatportal,@meatportal:1,False
@me,@me:b9b7,False
Mechanicus Engineering,@MechanicusEngineering:7,False
mechanix0351,@mechanix0351:6,False
Give Me Freedom or Give Me Death,@MEGABUILDER:c,False
FUN STUFF GO PEW,@MEGOPEWPEW:e,False
The Shittinator,@Melonoscopy:d,False
MeltedLegosChannel,@Melted_Legos:a,False
Merlins Boys,@Merlins_Boys:c,False
@Methematics,@Methematics:f,False
MGB Videos and 3D print Files for all Patriots brought to you from Patriot Gun Builders,@MGB4PGB:6,False
@mhenry,@mhenry:f,False
@miami4quad,@miami4quad:3,False
Chef,@michaelch3f:a,False
Middleton Made,@MiddletonMade:1,False
Midyew59,@Midyew59:9,False
milSpec's fosscad projects ,@milSpec:4,False
The Bomboclaat Man,@mindYObizz:1,False
MinishCap's 3D2A,@MinishCap:5,False
MisfitToy ,@MisfitToy:5,False
@Mitzrael,@Mitzrael:3,False
ML_Roak,@ML_Roak:f,False
@MMK,@MMK:8,False
YoungBreezy,@MMOOBB:7,False
@ModernLuty,@ModernLuty:5,False
moistypants,@moistypants:3,False
morb,@morb:e,False
More Than F'd Up,@More_Than_Fd_Up:3,False
@mostly9mm,@mostly9mm:e,False
MostlyPeacefulMachineShop,@MostlyPeacefulMachineShop:b,False
@Mountain_Mischief,@Mountain_Mischief:1,False
@Mountainpig4077,@Mountainpig4077:5,False
"Home of the 3d printed UMP, UMforthePoors",@Mprtech2:e,False
Mr_B34n3R,@Mr_B34n3R:3,False
Odds and Ends,@MrBishop:7,False
@MrCad,@MrCad:0,False
3d printing custom guns,@MrChonkers:8,False
Spear Tec,@mr_doctor_sir:d,False
@mrdurden655321,@mrdurden655321:8,False
@MrGreen,@MrGreen:2,False
@MrJMeZZ,@MrJMeZZ:6,False
@Mr.Prezident_Printz,@Mr.Prezident_Printz:0,False
Mrpullz,@Mrpullz:8,False
MrReceipts,@mrreceipts:2,False
Mr. Saku,@MR.Saku:d,False
mr.shorty44,@mr.shorty.44:3,False
Mr Snow's Files,@Mr_Snow_Files:7,False
Mr Snow Makes Content,@mr.snow.makes:6,False
MrSupremium,@MrSupremium:e,False
Free speech and firearm design/history,@MrT:01,False
@muhgroinisfelt,@muhgroinisfelt:9,False
musashi3347,@musashi3347:f,False
Metalhead Twink★,@mutantec:d,False
Enthusiast Builder and Designer,@Mute916:5,False
Various fun things,@muttstang:d,False
mwolverinegamer,@mwolverinegamer:8,False
MX Marvin,@MX_Marvin:d,False
Collecting 37mm designs,@my37mmCollection:d,False
My file collection,@my3D2Afilecollection:9,False
N0tAnExp3rt's 3DP File Share,@N0tAnExp3rt_3DP:e,False
Martin,@n3tdiver:9,False
nameisnight's LBRY for 3D Printed Gun Stuff,@nameisnight:3,False
Nanab Arms,@NanabArms:7,False
@nate,@nate:e9,False
Nationalism Today Official Book Channel,@Nationalism_Today2:2,True
Naughty Engineer,@NaughtyEngineer:1,False
@NegativeION,@NegativeION:1,False
Nemosum404,@Nemosum:3,False
Nerdynate,@Nerdynate315:7,False
Neutron_Nick,@NeutronNick:3,False
The Remix Kitchen ,@NewWorldDefense:9,False
@nextlvlroy,@nextlvlroy:5,False
Vinh Nguyen,@nguyenkvvn:a,False
nguyenkvvn's CAD Seconds and Experimentals,@nguyenkvvn_experimentals:2,False
Functional 3D creations for freedom and fun,@NickyMickyMakes:3,False
nightshadeactual,@nightshadeactual:7,False
Nikolai Romanov's Library,@nikolai.romanov:e,False
Nimrod,@Nimrod:5,False
sixxxzzzaaa,@ninezzzzz:3,False
NLX_16,@nlx16:4,False
NNWDevelopment,@NNWDevelopment:1,False
NobodyInParticular,@NobodyInParticular:1,False
noobynino9,@noobynino9:d,False
@Nopel,@Nopel:6,False
@NostraVoluntasUnita,@NostraVoluntasUnita:c,False
Not AG,@NotAG:c,False
NotanAFTAgent,@NotAnAFTAgent:a,False
NothingSekret,@NothingSekret:b,False
Serving the Freemen!,@No_Trip5710:7,True
@NotThatTimmyHicks,@NotThatTimmyHicks:a,False
@Novak_8,@Novak_8:e,False
Nsup3032,@Nsup3032:2,False
nukeduster,@nukeduster:4,False
@NumberMaterial3665,@NumberMaterial3665:c,False
sirpewsalot,@numero_uno:5,False
Nylaug : The 3D Printed AUG - GunCAD Evolved,@Nylaug:9,False
3DArmalite Proffesor ,@NyN:b,False
Junkie Actual,@oasis.datamonkey:5,False
2A Accessories Are Fun,@obnaes:e,False
@ObscureMammal,@ObscureMammal:4,False
Obscurus Firearms,@ObscurusFirearms:3,False
Ocean Juice Designs,@OceanJuice:5,False
One Dollar Prints,@ODPrints:b,False
odysee,@odysee:cb,False
Debo,@Ofkitsdebo:d,False
Ogrelorde,@Ogrelorde:e,False
OKB69 Alpha Mirror,@OKB69ALPHAMIRROR:f,False
OKB69 Beta Mirror Channel,@OKB69BETAMIRROR:4,False
OKB-69 Primary Mirror Aperature,@OKB69MainMirror:e,False
Ok-Bear-2792,@Ok-Bear-2792:4,False
Jack Banks Design LLC,@okie:d,False
okijohnr,@okijohnr:9,False
@OlafBerserker,@OlafBerserker:8,False
fun stuff,@omnit:1,False
@ON3251CC,@ON3251CC:5,False
OnionInACage,@OnionInACage:6,False
OnlyPrints,@OnlyPrints:0,False
oooshitonthefloorooo,@oooshitonthefloorooo:7,False
OpenPew,@OpenPew:9,False
@opensourcekits,@opensourcekits:1,False
optimal_fail,@optimal_fail:9,False
Oramac12,@Oramac12:d,False
orangeflow,@orangeflow:c,False
Orffyreus,@Orffyreus:f,False
@OrigiNALLDesigns,@OrigiNALLDesigns:8,False
Orion455,@orion455:1,False
Osaka San,@Osakasan1488:9,False
@Osmosis,@Osmosis:b,False
@osrsfluhkunkos,@osrsfluhkunkos:c,False
Out of Battery Live,@outofbattery:5,False
Oregon Wigger,@OW:c,False
@owrry,@owrry:6,False
"Look on my works, ye Mighty, and despair!",@Ozymandias:11,False
WTFhitme1,@p38bryan:7,False
@p38bryan,@p38bryan:9,False
@P4R4D0C5,@P4R4D0C5:3,False
P80 Ralph,@p80ralph:0,False
@pancak3_bac,@pancak3_bac:6,False
PapaBear,@PapaBear:a,False
Stuff n Such,@Pappagar:c,False
@patriotadepolimero,@patriotadepolimero:e,False
@patriotNati0n,@patriotNati0n:f,False
boofywoofy39,@paulpeezy1993:9,False
NotWhoYou'reLookingFor,@paxmanhp:a,False
Peirson's Stuff,@Peirson:9,False
pembie000industries,@pembie000industries:1,False
@PemexRepository,@PemexRepository:c,False
Pepe Industries,@Pepe_Industries:d,False
Pete Laric,@PeteLaric:d,False
PewPew1119,@pewpew1119:b,False
3DPRINT PEWPEW,@PEWPEW420:e,False
PewPew,@PewPewPls:0,False
3d2a account,@PhallusEnjoyer:e,False
@PhantomINC,@PhantomINC:5,False
Philz Phree Phyrearms Phoundation,@philphisher:0,False
@Phil'sFabWorks,@Phil'sFabWorks:c,False
@PhoenixFGC,@PhoenixFGC:4,False
@Phomex0702,@Phomex0702:f,False
piggy98,@piggy98:f,False
Pilot Hobbies,@pilotgeek45:8,False
unmentionableprints,@pingleberry88:1,False
@PinkFlamethrower,@PinkFlamethrower:c,False
"Improvised Guns and Ammo (Info, PDFs, Pics, STLs and MORE!)",@PiZLe:2,False
Peacekeeper2024,@PKA:9,False
pla_ak_ak_ak,@pla_ak_ak_ak:e,False
PLA+ boi's projects,@Plaboi:2,False
@PLA+GATZ,@PLA+GATZ:8,False
Plains Prepper,@PlainsPrepper:5,False
@plapewpew,@plapewpew:0,False
Promised Land Arms,@PL-Arms:a,False
PLA Soldier,@PLASOLDIER:7,False
plastic blasters,@PlasticBlasters:6,False
@PlasticFantastics,@PlasticFantastics:8,False
@plasticgat,@plasticgat:c,False
@PlasticIsFantastic,@PlasticIsFantastic:c,False
@Plastigoon,@Plastigoon:5,False
PlastiKrew,@PlastiKrew:5,False
@Plasti_Pews,@Plasti_Pews:6,False
Plastitech,@Plastitech:f,False
@Plinker_CAD,@Plinker_CAD:d,False
@PlumIndian,@PlumIndian:d,False
@PointDefiance3D,@PointDefiance3D:4,False
Discovered inadequate channel: @PolyGlockz#2,@PolyGlockz:2,True
Fluffy Unicorns,@PolymerToad:1,False
@poolboy,@poolboy:8,False
@PooPooPirate_,@PooPooPirate_:8,False
Red de #LibrePortedeArmas Colombia,@portelegalcol:4,False
Designs for 3D printing and the 3D2A community,@PoseidonDesigns:2,False
Possum Duke,@PossumDuke:b,False
@Potato69,@Potato69:6,False
@PovertyConcepts,@PovertyConcepts:9,False
P.O.V.G.R.U,@P.O.V.G.R.U:0,False
Practical Tactical,@Practical-tactical:d,False
Praxican's 3D Prints,@praxican:b,False
Robert21,@Prdko:2,False
PrehistoricArms,@PrehistoricArms:6,False
AWM,@PrestonHM:0,False
@PretendButterfly2880,@PretendButterfly2880:c,False
@PrettyFlyWhiteGuy,@PrettyFlyWhiteGuy:b,False
Print3Dsignal,@Print3Dsignal:e,False
Print-a-22,@Print-a-22:a,False
@PrintGunner,@PrintGunner:6,False
PrintGunz's cozy corner,@PrintGunz:e,False
Prints.and.the.Revolution,@Prints.and.the.Revolution:c,False
Print Shoot Repeat,@printshootrepeat:5,False
PrintYour2A,@PrintYour2A:3,False
PrintYour2A,@PrintYour2A:4,False
Professional Dumbass,@ProfessionalDumbass:b,False
@Project_SLAIR,@Project_SLAIR:1,False
@Prometheuzzzzzz,@Prometheuzzzzzz:e,False
Proof,@Proof:0,False
Proper Gander,@ProperGanderDesigns:b,False
Space Dog Industries,@ProSpaceDog:b,False
Fighting tyrants one day at a time,@Protectyour2A:f,False
@ProtoEngineering,@ProtoEngineering:6,False
Proto Prints Pews,@ProtoPrintsPews:c,False
@psky,@psky:0,False
PsychicRhino,@psychicrhino:b,False
8PsychoticOranges8,@PsychoticOranges:6,False
Print the Guns! - 3D printing for guns and gun things,@PTG-OG_Channel:5,False
Public Domain Guncad,@PublicDomainGuncad:0,False
Punkjuggle's 3D Repository.,@PunkJuggle:e,False
PuppiesXD,@PuppiesXD:c,False
@PurpleBleach,@PurpleBleach:e,False
Push PLA's Fun Lab,@Pushin_P.L.A.:0,False
Queer Armorer,@QueerArmorer:d,False
@QuestioningIsKey,@QuestioningIsKey:b,False
Quick Draw Precision,@QuickDrawPrecision:c,False
QwermMakes,@Qwerm:6,False
Scenic Hawk,@R2BA:3,False
Rad Bison,@RadBison:7,False
CringeLemon,@radlemon:5,False
Raise Your Own,@RaiseUrOwn:0,False
Bear,@ranbear:2,False
random cad,@randomknave:b,False
My random parts that I make for myself/friends ,@RandomParts:8,False
Ranger Of The Order,@RangerOfTheOrder:9,False
Rattler Innovations LLC,@RattlerInnovations:a,False
@Rawrbeastgrr,@Rawrbeastgrr:d,False
DetoxThePirate,@rcromin:c,False
@rdxj,@rdxj:e,False
@ReadyBoys,@ReadyBoys:3,False
ReardenSteel451 Designs and Remixes,@ReardenSteel451:3,False
Reason Armory,@Reason:2a,False
Reb1995 3D2A files,@Reb1995:1,False
Redacted Arms,@Redacted-Arms:1,False
Robert1984,@reddawndesigns1984:8,False
Red Development,@RedDevelopment:3,False
Redgren 3D,@Redgren3D:d,False
@Red_McCloud,@Red_McCloud:d,False
RedneckInsurgency,@RedneckInsurgency:c,False
Reese_000,@Reese_000:5,False
@ReigningBrass,@ReigningBrass:6,False
Remina 3D,@Remina:1,False
RBA,@RemixedByApton:e,False
@RenegadeSC,@RenegadeSC:e,False
@RICECUTTA,@RICECUTTA:6,False
3D 2A,@Richard_Nixon:a,False
@RiddimNBrass,@RiddimNBrass:a,False
RifleConnection 3D Firearm CAD Models & Blueprints!,@RifleConnectionDotCom:3,False
3DP and 2A stuff,@Rippchen-Productions:5,False
@RiptideRails,@RiptideRails:f,False
RK's Downloadables,@RKS_Files:f,False
RK Spookware,@RKSpookware:2,False
@RlyehFhtagn-xD,@RlyehFhtagn-xD:1,False
@Robert,@Robert:d68,False
@Robert_Redacted,@Robert_Redacted:e,False
Roland Deschain,@RolandDeschain:f,False
@Rolls17,@Rolls17:e,False
@Room_Temp_IQ,@Room_Temp_IQ:b,False
@rootytootyprintandshooty,@rootytootyprintandshooty:d,False
@Rosen,@Rosen:b,False
ProletariGats,@Rrab:a,False
3d 2a and the like,@RsenalCustoms:4,False
RsenalCustoms,@RsenalCustoms:c,False
Ruby Grace Builds,@RubyGraceBuilds:f,False
@rucksichtslos,@rucksichtslos:7,False
RC Parts,@RustyChungus:3,False
Pocket Sand Tactical,@RustyShackleford777:7,False
@RustyShacklefordVR2,@RustyShacklefordVR2:e,False
Rusty.sheckleford,@Rusty.sheckleford:8,False
R_Weapon,@R_Weapon:b,False
@Rx7Creations,@Rx7Creations:f,False
Ryanoceros,@Ryanoceros:b,False
DIGITAL SAMURAI,@RYTHMICRIOT_RANDOM:d,False
@S3igu2,@S3igu2:c,False
@s4t0,@s4t0:7,False
SaaxoM's Bullshit Emporium,@SaaxoM:b,False
@SadgeStamped,@SadgeStamped:a,False
SADO,@sado:9,False
@Sad_Salamander_8426,@Sad_Salamander_8426:1,False
@Safequeens,@Safequeens:8,False
Ekim,@Sahan:a,False
Sample_Text,@Sample_Text_Firearms:1,False
@SangreDeTruchas,@SangreDeTruchas:1,False
@SankohaProjekt,@SankohaProjekt:e,False
@SaracenDynamics,@SaracenDynamics:2,False
2a freedom ,@SayItAintSoJoe:6,False
@ScheissGeist,@ScheissGeist:e,False
@ScienceDog,@ScienceDog:a,False
Scorn Armory,@Scorn_Armory:0,False
Scout339,@Scout339:8,False
@scroopynoopers,@scroopynoopers:e,False
SCSM,@Scsm:b,False
@scul,@scul:2,False
SDRGNSFTL,@SDRGNSFTL:d,False
@SeanG,@SeanG:f,False
@SenjutsuTekinaSeido,@SenjutsuTekinaSeido:9,False
Seraphazaziel79,@Seraph79:a,False
@SerotoninProjects,@SerotoninProjects:f,False
Vavoom Tactical,@sethgunnerjohnson:9,False
SevenPerforce,@sevenperforce:6,False
@SGT-RA,@SGT-RA:2,False
SOS Gunworks,@SGW:8,False
@shadowhunter55,@shadowhunter55:7,False
Shall Not Infringe,@ShallNotInfringe:e,False
Share My 3D Prints,@ShareMy3DPrints:6,False
PlastiGat,@shawngartrell:3,False
DIY firearms for not-so-free world,@Shit_On_Wheels:c,False
@shobe9904,@shobe9904:5,True
@Shootistism,@Shootistism:8,False
@shortbed454,@shortbed454:a,False
Short-Stroke,@shortstroke:a,False
ShtDck13,@ShtDck13:1,False
sidecharge762,@sidechargelover:4,False
Can't Stop Won't Stop,@signal.not.stopping:0,False
@signalstronger,@signalstronger:1,False
My creations,@SigShouTucker:c,False
@silkfloss,@silkfloss:6,False
sillacsaurfang,@sillacsaurfang:c,False
@silvia95guy,@silvia95guy:d,False
Simple remixes of 3D2A frames,@SimpleStipple:b,False
Vulture Cult,@SirWtff:1,False
@Skimaskselc,@Skimaskselc:b,False
SKRATATA,@SKRATATA:3,False
Skum Design,@skum:7,False
Slimjim240B,@Slimjim2:a,False
3d model'd funsies,@Sloth2adesigns:9,False
Small_Axe,@Small_Axe:3,False
Small Boats Suck,@SmallBoatsSuck:3,False
Small Team Supply,@SmallTeamSupply:6,False
I Print Guns...,@SmokieShootshoot:0,False
@smoothbrain,@smoothbrain:4,False
@Snake_Bones,@Snake_Bones:f,False
Snazzgun Armory,@Snazzgun:d,False
Sofareader,@sofareader:9,False
Solar Weapon Works,@Solar991:e,False
@somebodysomeone,@somebodysomeone:4,False
Makers making models while making merry with Makers Mark,@SomethingWitty:8,False
SonOfMurray,@sonofmurray.makes:b,False
@SortaEngineered,@SortaEngineered:e,False
u/Sourtangie06,@Sourtangie05:2,False
Southpaw Precision,@Southpaw:c2,False
Doodly Booper,@SovietSleuth:5,False
Sp0z3n,@Sp0z3n:7,False
SpaceBoundTactical,@spaceboundtactical:9,False
!ZIPIZ!,@Spaceman1738:a,False
Spagger,@Spagger:d,False
Making Canada Safe Again!,@SparkyCA:1,False
@SpeakeasyArms,@SpeakeasyArms:b,False
SpicyHog,@spicyhog:1,False
@SpiderBrains,@SpiderBrains:1,False
SpiltBeanz,@SpiltBeanz:a,False
spinn360,@spinn360:a,False
@SpookieBoogie,@SpookieBoogie:8,False
Spookyserb421,@spookyserb421:f,False
@spookyspectre,@spookyspectre:9,False
@SpoolFed,@SpoolFed:7,False
@SpoolFedArms,@SpoolFedArms:b,False
Sputnik's stuff,@Sputnik:d8,False
SBR,@SquirtBangReplicate:8,False
squisher,@squisher:1,False
@Sqweeeeeeee,@Sqweeeeeeee:1,False
Street-Sweeper Arms,@SSArms:0,False
ssullivansr,@ssullivansr:e,False
Standard-Royal-319,@Standard-Royal-319:5,False
stankycheeseman,@stankycheeseman:0,False
SteelCorpse1,@SteelCorpse:2,False
Sterling Arms,@SterlingArms:0,False
Steve's Customs,@StevesCustoms:b,False
STGMA,@STGMA:b,False
Stick_mag_dump,@stick_mag:8,False
@Sticky,@Sticky:9,False
"Live Free, Print Guns",@stillcold:a,False
StinkFoot,@Stinkfoot:0,False
@StKV,@StKV:2,False
3D2A designs,@STLprintz:0,False
StolenboiStudios,@StolenboiStudios:8,False
StoneAngelArmsCad,@StoneAngelArms:1,False
StoneKnight,@StoneKnight:0,False
FUN CAD TIME,@StoopKid:e,False
Strelnikovas,@strelnikovas:5,False
Casting and 3d2A,@StridAst:b,False
Stringprint22,@Stringprint22:e,False
Stubbs Customs,@Stubbs:d,False
Studio44,@studio44:a,False
Stuff I do ,@stuffido:6,False
I polish turds until they shine,@Stutheimreinbachiii:0,False
Stylinsuits,@Stylinsuits:7,False
Only Shells Remain,@Suburban:1,False
Suckboy Tony,@SuckboyTony:2,False
Summit_60,@Summit_60:e,False
Sum One,@SumOne:5,False
gunning in the sun,@SunnyGunner:5,False
@SurpriseBackHugger,@SurpriseBackHugger:5,False
Archive of Survival Books,@SurvivalBooks:5,True
@SUS,@SUS:d,False
Swiggity SwagDad's content,@SwagDad:2,False
@Swampdonkey,@Swampdonkey:2,False
Swanboy,@swanboy:e,False
swolebro,@swolebro:4,False
SyhavongSystems,@SyhavongSystems:1,False
Tactical American ,@TacticalAmerican:b,False
TacticalHandleGaming,@TacticalHandleGaming:c,False
Tactically Broke,@tacticallybroke:a,False
Tavelkyosoba,@Tavelkyosoba:b,False
Taxation_is_Theft,@Taxation_is_Theft:9,False
TbirdBrain50,@TbirdBrain50:b,False
@TbirdMan,@TbirdMan:7,False
TDOF,@TDOF:5,False
TECH GUNZ,@TechGunz:2,False
@TechnicalDataPacks,@TechnicalDataPacks:f,False
Technical Data Sheets/Blueprints for GunCAD References,@TechnicalDataSheetsBlueprints:b,False
@teddy__george,@teddy__george:d,False
teebles,@teebles:4,False
Tee-in-a-Skee-Mask,@Tee-in-a-Skee-Mask:c,False
checjk,@test:946,False
The Friendly Ghost Gunner,@TFGG:3,False
GCI,@TFI:a,False
@TFindustries,@TFindustries:1,False
@thatguygreg,@thatguygreg:4,False
ThatMint240,@thatmint240:4,False
Imthatdude,@Thatonedude:e,False
@That_One_Teacher,@That_One_Teacher:2,False
Spreading joy through 3d printed guns,@The3DArmyguy:5,False
The Ares Project,@The-Ares-Project:3,False
Welcome! I just want to share a lot of my ideas and hope you enjoy them. Thank you!,@TheArmourer:0,False
Reference Models for GunCAD,@TheBLCReferencePage:2,False
The builder's ark,@Thebuilder:b,False
Accc,@TheBurner101:2,False
TheCaptainShmeat,@TheCaptainShmeat:e,False
Zupr3macy,@the_creator:c,False
The Drain,@TheDrain:f,False
TheDude,@TheDude:e5,False
GrixxlyPrints,@Thee_Grixxly:b,False
AlphaCureMom69,@the_fly1ng_v1k1ng:9,False
Fun Hobby Stuff,@TheFrostBoss:2,False
@TheFunk,@TheFunk:b,False
The Gatalog's Collection of Accessories,@TheGatalog-Accessories:e,False
The Gatalog's Comical Creations,@TheGatalogAuxiliary:5,False
The Gatalog's Guides and Tutorials,@TheGatalog-Guides_Tutorials:b,False
The Gatalog's Hybrid Designs,@TheGatalog-HybridDesigns:0,False
The Gatalog's Primarily Printed Designs,@TheGatalog-PrimarilyPrintedDesigns:9,False
The Gatalog's Printable Frames and Receivers,@TheGatalog-PrintableFramesReceivers:9,False
The Gatalog's 3D Printable Magazines,@TheGatalog-PrintableMagazines:6,False
The Gatalog's Reference Models,@TheGatalog-ReferenceModels:b,False
The Gatalog's DIY Suppressors,@TheGatalog-Suppressors:a,False
The Gatalog's Technical Data Packages,@TheGatalog-TechnicalDataPackages:c,False
Anthony Weidner,@theGreatBackyards:5,False
TheHydralisk,@TheHydralisk:0,False
@TheJerseyDemon,@TheJerseyDemon:2,False
@thekingisbackboys,@thekingisbackboys:8,False
TheKittedScav's Stash,@TheKittedScav:d,False
@TheLubeMaster,@TheLubeMaster:a,False
Have I gone mad? I’m afraid so. I'm entirely bonkers. But I’ll tell you a secret. All the best people are.,@TheMadPrinter:d,False
the-manatee's stuff,@the-manatee:0,False
@TheMcGoogler,@TheMcGoogler:c,False
TheMegaGunArk,@TheMegaGunArk:9,False
The MI3 Channel,@The_Mi3_Channel:f,False
@Thenewclarence,@Thenewclarence:e,False
@theOtherSig,@theOtherSig:a,False
@ThePequod,@ThePequod:a,False
The Poisoned Fang,@THEPoisonedFang:e,False
@ThePretzul,@ThePretzul:c,False
The_Random_Taco,@TheRandomTaco:f,False
Ranger Prints,@TheRanger:7,False
Ржавый Мосин,@TheRustyMosin:c,False
The Slinger's Guide,@TheSlinger:3,False
TheSmithGuy,@TheSmithGuy:1,False
Port De Snark ,@The_Snark:3,False
nochef,@thesnowiestwolf:d,False
Some things ,@thewaterboy:e,False
ThinkPrayers,@thinkprayers:a,False
Third_Eye_Agent,@ThirdEyeAgent:7,False
@Thomistopheles,@Thomistopheles:2,False
THouston,@Thouston:0,False
stuff n things,@Three0hHate:8,False
Scenedaone ,@throwitup0942:9,False
Thursdee,@Thursdee:f,False
T-HUSS,@T-Huss:6,False
Tinker2A,@Tinker2A:4,False
@tinkerhackerfarmerspy,@tinkerhackerfarmerspy:7,False
Tizmo's Gizmos,@Tizmosgizmos:d,False
@TJB556,@TJB556:8,False
To Let The World Be,@TLTWB:b,False
TLTWB-Resources,@TLTWB-Resources:4,True
SoundShock,@TM18271998:0,False
ToadLicker556,@ToadLicker556:d,False
ShootFastAndEatAss,@TonkaBody:0,False
TooAceForThisShit,@tooaceforthisshit:2,False
ToolOrDie,@ToolOrDie:e,False
I'm totally Yoshitomo,@TotallyYoshitomo:e,False
@ToxicXzombieG,@ToxicXzombieG:3,False
TP Customs,@TPCustoms:7,False
DIY Gun Stuff,@TradeU4Whopper:5,False
TramshPamda,@tramshpamda:6,False
@trem-mango,@trem-mango:5,False
3D2A Remixes,@trenbaloneysandwich:0,False
@Trentbad,@Trentbad:b,False
Trey Boogie,@TreyBoogie:4,False
@TriceratopsTips,@TriceratopsTips:1,False
Polymer Pew dot com,@TriggerBoss:2,False
Triggernometry,@Triggernometry:9,False
Tactical Resources Information for Guns via Global Relays,@TRIGGR:9,False
@TriptychGunWorks,@TriptychGunWorks:3,False
@TrOgDoR5813,@TrOgDoR5813:1,False
Trollcow / Z3R6 / Elaine Miller - Archive,@Trollcow-Archive:6,True
Trollwerks®,@Trollwerks:b,False
trophytroutguns,@trophytroutguns:d,False
R&A,@TrueGunNut:8,False
@TrueSkittles,@TrueSkittles:9,False
Tuchikos,@Tuchikos:d,False
Tugger 82,@Tugger82:6,False
TumbleDryOnLowHeat,@tumbledryonlowheat:4,False
@TuNeCedeMalis,@TuNeCedeMalis:b,False
turdtornado,@turdtornado:3,False
@Turkey,@Turkey:d,False
@TurtleDesignsShit,@TurtleDesignsShit:1,False
@TyrannicalTy,@TyrannicalTy:3,False
Tyannis Technologies,@tyrannistechnologies:b,False
UberPoor,@UberPoor:9,False
@Uncle_Rollo,@Uncle_Rollo:1,False
Undead-Tech,@UndeadTech:9,False
UnderNoPretext,@UnderNoPretext:1,False
Unhappyarms 2A designs,@unhappyarms:c,False
The Abhorrent Forge,@UnholyFab:c,False
unseenkiller,@unseenkiller:d,False
@UntangleWORKS,@UntangleWORKS:a,False
@unwrinkled_brainium,@unwrinkled_brainium:6,False
@Upset-Minute-3040,@Upset-Minute-3040:7,False
3D printing small arms  (Write your wishes to the chat. (u/Uravnitel)  is in  r/fosscad    in reddit),@Uravnitel:4,False
3d printing 2a design,@Urmoms2a:0,False
Fosscad Accessories and Stuff,@urutau-info:1,False
USS_ArchStanton,@USS_ArchStanton:c,False
@uwurapiduwu,@uwurapiduwu:d,False
ValenciaDamascus,@ValenciaDamascus:2,False
Vallitium,@Vallitium:3,False
@vanguardarmsllc,@vanguardarmsllc:2,False
@VanillaKyleKyle,@VanillaKyleKyle:c,False
VaniraGojira Tings,@VaniraGojira:f,False
3D Printed Firearms & Firearms Accessories,@VapeDaddy42O:1,False
Vega Holdings,@vega_holdings:8,False
Vetr,@Vetr:d,False
VHS2 Magwell Dwgs,@VHSMAGWELLS:4,False
Victor Versus Evil,@VictorVsEvil:2,False
@vietec,@vietec:7,False
@vincent3da,@vincent3da:9,False
bushvipermods,@vipersandguns:a,False
\V/ Kinetics,@V_Kinetics:3,False
@voidarmory3d,@voidarmory3d:1,False
@VostokAerospaceDynamics,@VostokAerospaceDynamics:a,False
Vulpinaut,@Vulpinaut:a,False
@waddlemyway,@waddlemyway:d,False
@WadeRoberson,@WadeRoberson:c,False
@WanderingWanderer,@WanderingWanderer:4,False
This is mine,@warhawk8080:7,False
@warrior,@warrior:c,False
@Waste-Macaroon78,@Waste-Macaroon78,False
Watusi,@watusi:2,False
WBKasper,@WBK:e,False
WFAB,@WFAB:a,False
Weight Forward & Gun CAD Ideas (WF&GCI) Video Hub,@WFGCIVideos:f,False
wheremy4skn,@wheremy4skn:b,False
Whiteline Concepts,@WhileLineConcepts:6,False
Whiskey 6 Production,@Whiskey6:f,False
@WhiteLetter,@WhiteLetter:0,False
WhitePaintersGloves,@WhitePainterGloves:a,False
Just some dude. ,@Whoever:4,False
3D Models Of Uncomprehensible  Objects,@WickedMainah:2,False
WilcoDilco,@WilcoDilco:6,False
classicwilly,@willyj1587:f,False
Kornitsky Repeating Arms,@WonderNine:0,False
@wonderwolf,@wonderwolf:f,False
@WorldOfGuns-Archive,@WorldOfGuns-Archive:3,False
Just out here printing,@WrenchWorks3D:6,False
The nice guy who never finishes last ,@wrightconnor181:b,False
WTD Concepts,@WTD_Concepts:b,False
Weight Forward,@WTF-9:1,False
Wild Wolf Arms,@WyldWolfArms:f,False
Wozjak - Archive,@x52c4kg9des0:b,False
@Xarath,@Xarath:3,False
Millennial Bellwether,@Xennial-Bellwether:b,False
Xenu Prints,@Xenu:0,False
@XMalardX,@XMalardX:b,False
XNVM Designs,@XNVM:f,False
bringerofsauce,@xxppslayer:a,False
YZYPrints' Forbidden Knowledge Emporium,@xYeezySZN:f,False
@xyzebruh,@xyzebruh:c,False
Yah3D 3D Printing and More,@Yah3D:5,False
@yaknowwho,@yaknowwho:3,False
YeeHawBigBoy,@YeeHawBigBoy:8,False
YÖHÖ NOUSEE,@yoho_3D_industries:1,False
@Young_and_Tactical,@Young_and_Tactical:2,False
Young and Tactical,@Young_and_Tactical:3,False
Cool stuff,@YoungHK:0,False
ysidromac,@ysidromac:4,False
@YugonSugomaWeenr,@YugonSugomaWeenr:c,False
Z3BRO,@z3bro:7,False
"Hobbyist CAD designer, CNC user, and 2A advocate.",@Z3RO_C00L:9,False
zackgerber,@zackgerber:b,False
Zai Fuchigami,@ZaiFuchigami:e,False
@ZanderLabs,@ZanderLabs:0,False
@Zanzibar,@Zanzibar:2,False
@zark.mukerberg,@zark.mukerberg:2,False
@zbeezle,@zbeezle:8,False
Zombinie's Public Files,@ZCO:3,False
Zed Hunter 666,@ZedHunter666:5,False
zer0fux downloads,@zer0fux:c,False
@ZeroMojoro,@ZeroMojoro:2,False
Zeus77,@Zeus77:9,False
Stuff™ by Ziegen,@ZiegenStuff™:c,False
GoodGoy,@zigeuner733:a,False
ZMB,@ZMB:a,False
@zoofergee,@zoofergee:5,False
The LØØP,@zoopyloops:5,True
Zoro,@zoro:2,False
zucc_this,@zucc_this:4,False
@不区石,@不区石:4,False
